005930,삼성전자
000660,SK하이닉스
207940,삼성바이오로직스
035420,NAVER
051910,LG화학
068270,셀트리온
005380,현대차
035720,카카오
006400,삼성SDI
051900,LG생활건강
028260,삼성물산
012330,현대모비스
017670,SK텔레콤
036570,엔씨소프트
005490,POSCO
000270,기아차
105560,KB금융
034730,SK
003550,LG
096770,SK이노베이션
055550,신한지주
066570,LG전자
015760,한국전력
251270,넷마블
018260,삼성에스디에스
032830,삼성생명
033780,KT&G
090430,아모레퍼시픽
009150,삼성전기
086790,하나금융지주
000810,삼성화재
010130,고려아연
018880,한온시스템
010950,S-Oil
009540,한국조선해양
021240,코웨이
316140,우리금융지주
030200,KT
097950,CJ제일제당
006800,미래에셋대우
024110,기업은행
011170,롯데케미칼
271560,오리온
009830,한화솔루션
003670,포스코케미칼
034220,LG디스플레이
032640,LG유플러스
285130,SK케미칼
086280,현대글로비스
035250,강원랜드
002790,아모레G
000100,유한양행
180640,한진칼
008930,한미사이언스
161390,한국타이어앤테크놀로지
267250,현대중공업지주
000720,현대건설
128940,한미약품
012750,에스원
004020,현대제철
011070,LG이노텍
011790,SKC
071050,한국금융지주
029780,삼성카드
000120,CJ대한통운
010140,삼성중공업
139480,이마트
005830,DB손해보험
006280,녹십자
004990,롯데지주
011780,금호석유
003490,대한항공
078930,GS
003410,쌍용양회
000210,대림산업
008770,호텔신라
016360,삼성증권
241560,두산밥캣
000080,하이트진로
005940,NH투자증권
034020,두산중공업
007070,GS리테일
003000,부광약품
001040,CJ
042660,대우조선해양
026960,동서
020150,일진머티리얼즈
028050,삼성엔지니어링
009240,한샘
008560,메리츠증권
036460,한국가스공사
047810,한국항공우주
023530,롯데쇼핑
081660,휠라홀딩스
004370,농심
282330,BGF리테일
007310,오뚜기
185750,종근당
006360,GS건설
001450,현대해상
004170,신세계
030000,제일기획
000880,한화
028670,팬오션
011200,HMM
009420,한올바이오파마
047050,포스코인터내셔널
014680,한솔케미칼
138930,BNK금융지주
042670,두산인프라코어
000240,한국테크놀로지그룹
017800,현대엘리베이
010060,OCI
064350,현대로템
010120,LS ELECTRIC
000990,DB하이텍
007700,F&F
007570,일양약품
009410,태영건설
004800,효성
204320,만도
006120,SK디스커버리
069620,대웅제약
088350,한화생명
294870,HDC현대산업개발
069960,현대백화점
010780,아이에스동서
047040,대우건설
192080,더블유게임즈
012450,한화에어로스페이스
006260,LS
111770,영원무역
032350,롯데관광개발
005250,녹십자홀딩스
051600,한전KPS
002380,KCC
001740,SK네트웍스
010620,현대미포조선
016380,KG동부제철
004000,롯데정밀화학
003520,영진약품
011210,현대위아
161890,한국콜마
214320,이노션
192820,코스맥스
031430,신세계인터내셔날
284740,쿠쿠홈시스
001680,대상
073240,금호타이어
020560,아시아나항공
000670,영풍
120110,코오롱인더
001800,오리온홀딩스
064960,S&T모티브
001060,JW중외제약
170900,동아에스티
020000,한섬
003850,보령제약
114090,GKL
006650,대한유화
005300,롯데칠성
079160,CJ CGV
069260,휴켐스
093370,후성
003240,태광산업
079550,LIG넥스원
005440,현대그린푸드
071840,롯데하이마트
145990,삼양사
057050,현대홈쇼핑
000150,두산
241590,화승엔터프라이즈
049770,동원F&B
103140,풍산
192400,쿠쿠홀딩스
001230,동국제강
052690,한전기술
105630,한세실업
000640,동아쏘시오홀딩스
115390,락앤락
012630,HDC
018250,애경산업
001120,LG상사
005180,빙그레
000070,삼양홀딩스
014820,동원시스템즈
005610,SPC삼립
108670,LG하우시스
002350,넥센타이어
006390,한일현대시멘트
014830,유니드
025860,남해화학
004490,세방전지
027410,BGF
093050,LF
001430,세아베스틸
002270,롯데푸드
019680,대교
002240,고려제강
060980,한라홀딩스
